file,brand,note
adidas.png,adidas,the brand's own gift card design; brand marks remain their owners'
airbnb.png,Airbnb,the brand's own gift card design; brand marks remain their owners'
asda.png,Asda,the brand's own gift card design; brand marks remain their owners'
asos.png,ASOS,the brand's own gift card design; brand marks remain their owners'
decathlon.png,Decathlon,the brand's own gift card design; brand marks remain their owners'
deliveroo.png,Deliveroo,the brand's own gift card design; brand marks remain their owners'
h-m.png,H&M,the brand's own gift card design; brand marks remain their owners'
ikea.png,IKEA,the brand's own gift card design; brand marks remain their owners'
just-eat.png,Just Eat,the brand's own gift card design; brand marks remain their owners'
nike.png,Nike,the brand's own gift card design; brand marks remain their owners'
nintendo.png,Nintendo,the brand's own gift card design; brand marks remain their owners'
playstation.png,PlayStation,the brand's own gift card design; brand marks remain their owners'
roblox.png,Roblox,the brand's own gift card design; brand marks remain their owners'
sephora.png,Sephora,the brand's own gift card design; brand marks remain their owners'
starbucks.png,Starbucks,the brand's own gift card design; brand marks remain their owners'
ticketmaster.png,Ticketmaster,the brand's own gift card design; brand marks remain their owners'
twitch.png,Twitch,the brand's own gift card design; brand marks remain their owners'
uber.png,Uber,the brand's own gift card design; brand marks remain their owners'
uber-eats.png,Uber Eats,the brand's own gift card design; brand marks remain their owners'
wayfair.png,Wayfair,the brand's own gift card design; brand marks remain their owners'
xbox.png,Xbox,the brand's own gift card design; brand marks remain their owners'
zalando.png,Zalando,the brand's own gift card design; brand marks remain their owners'
kids-pass.png,Kids Pass,the brand's own gift card design; brand marks remain their owners'
aldi.png,Aldi,the brand's own gift card design; brand marks remain their owners'
all-bar-one.png,All Bar One,the brand's own gift card design; brand marks remain their owners'
amalfi-ristorante.png,Amalfi Ristorante,the brand's own gift card design; brand marks remain their owners'
american-golf.png,American Golf,the brand's own gift card design; brand marks remain their owners'
argos.png,Argos,the brand's own gift card design; brand marks remain their owners'
ask-italian.png,ASK Italian,the brand's own gift card design; brand marks remain their owners'
aspinal-of-london.png,Aspinal of London,the brand's own gift card design; brand marks remain their owners'
b-m.png,B&M,the brand's own gift card design; brand marks remain their owners'
b-q.png,B&Q,the brand's own gift card design; brand marks remain their owners'
banana-tree.png,Banana Tree,the brand's own gift card design; brand marks remain their owners'
beaverbrooks.png,Beaverbrooks,the brand's own gift card design; brand marks remain their owners'
belhaven-pubs.png,Belhaven Pubs,the brand's own gift card design; brand marks remain their owners'
bella-italia.png,Bella Italia,the brand's own gift card design; brand marks remain their owners'
bolt.png,Bolt,the brand's own gift card design; brand marks remain their owners'
boots.png,Boots,the brand's own gift card design; brand marks remain their owners'
browns.png,Browns,the brand's own gift card design; brand marks remain their owners'
bucketlistgift.png,Bucketlistgift,the brand's own gift card design; brand marks remain their owners'
buyagift.png,Buyagift,the brand's own gift card design; brand marks remain their owners'
cadbury-gifts.png,Cadbury Gifts,the brand's own gift card design; brand marks remain their owners'
caffe-nero.png,Caffè Nero,the brand's own gift card design; brand marks remain their owners'
cafe-rouge.png,Café Rouge,the brand's own gift card design; brand marks remain their owners'
castle.png,Castle,the brand's own gift card design; brand marks remain their owners'
chef-brewer.png,Chef & Brewer,the brand's own gift card design; brand marks remain their owners'
cineworld.png,Cineworld,the brand's own gift card design; brand marks remain their owners'
clarks.png,Clarks,the brand's own gift card design; brand marks remain their owners'
costa.png,Costa Coffee,the brand's own gift card design; brand marks remain their owners'
crafted-pubs.png,Crafted Pubs,the brand's own gift card design; brand marks remain their owners'
currys.png,Currys,the brand's own gift card design; brand marks remain their owners'
cote.png,Côte,the brand's own gift card design; brand marks remain their owners'
de-vere-hotels.png,De Vere Hotels,the brand's own gift card design; brand marks remain their owners'
dots-eco.png,dots.eco,the brand's own gift card design; brand marks remain their owners'
dunelm.png,Dunelm,the brand's own gift card design; brand marks remain their owners'
ecoswap.png,Ecoswap,the brand's own gift card design; brand marks remain their owners'
ember-inns.png,Ember Inns,the brand's own gift card design; brand marks remain their owners'
ernest-jones.png,Ernest Jones,the brand's own gift card design; brand marks remain their owners'
etsy.png,Etsy,the brand's own gift card design; brand marks remain their owners'
eurostar.png,Eurostar,the brand's own gift card design; brand marks remain their owners'
evans-cycles.png,Evans Cycles,the brand's own gift card design; brand marks remain their owners'
everyman.png,Everyman Cinemas,the brand's own gift card design; brand marks remain their owners'
farmfoods.png,Farmfoods,the brand's own gift card design; brand marks remain their owners'
farmhouse-inns.png,Farmhouse Inns,the brand's own gift card design; brand marks remain their owners'
five-guys.png,Five Guys,the brand's own gift card design; brand marks remain their owners'
flaming-grill.png,Flaming Grill,the brand's own gift card design; brand marks remain their owners'
flannels.png,Flannels,the brand's own gift card design; brand marks remain their owners'
footasylum.png,Footasylum,the brand's own gift card design; brand marks remain their owners'
frasers-group.png,Frasers Group,the brand's own gift card design; brand marks remain their owners'
game.png,GAME,the brand's own gift card design; brand marks remain their owners'
george.png,George at Asda,the brand's own gift card design; brand marks remain their owners'
go-ape.png,Go Ape,the brand's own gift card design; brand marks remain their owners'
greene-king.png,Greene King,the brand's own gift card design; brand marks remain their owners'
greggs.png,Greggs,the brand's own gift card design; brand marks remain their owners'
gymshark.png,Gymshark,the brand's own gift card design; brand marks remain their owners'
h-samuel.png,H. Samuel,the brand's own gift card design; brand marks remain their owners'
habitat.png,Habitat,the brand's own gift card design; brand marks remain their owners'
halfords.png,Halfords,the brand's own gift card design; brand marks remain their owners'
hellofresh.png,HelloFresh,the brand's own gift card design; brand marks remain their owners'
hobbycraft.png,Hobbycraft,the brand's own gift card design; brand marks remain their owners'
homesense.png,Homesense,the brand's own gift card design; brand marks remain their owners'
hotels-com.png,Hotels.com,the brand's own gift card design; brand marks remain their owners'
hungry-horse.png,Hungry Horse,the brand's own gift card design; brand marks remain their owners'
iceland.png,Iceland,the brand's own gift card design; brand marks remain their owners'
innkeepers-collection.png,Innkeeper's Collection,the brand's own gift card design; brand marks remain their owners'
jack-wills.png,Jack Wills,the brand's own gift card design; brand marks remain their owners'
jd-sports.png,JD Sports,the brand's own gift card design; brand marks remain their owners'
john-lewis.png,John Lewis & Partners,the brand's own gift card design; brand marks remain their owners'
laithwaites.png,Laithwaites,the brand's own gift card design; brand marks remain their owners'
las-iguanas.png,Las Iguanas,the brand's own gift card design; brand marks remain their owners'
lastminute-com.png,lastminute.com,the brand's own gift card design; brand marks remain their owners'
lego.png,LEGO,the brand's own gift card design; brand marks remain their owners'
london-theatre-direct.png,London Theatre Direct,the brand's own gift card design; brand marks remain their owners'
loungepair.png,LoungePair,the brand's own gift card design; brand marks remain their owners'
love2shop.png,Love2shop,the brand's own gift card design; brand marks remain their owners'
lululemon.png,lululemon,the brand's own gift card design; brand marks remain their owners'
lush.png,Lush,the brand's own gift card design; brand marks remain their owners'
marks-spencer.png,Marks & Spencer,the brand's own gift card design; brand marks remain their owners'
merlin.png,Merlin,the brand's own gift card design; brand marks remain their owners'
metropolitan-pub-company.png,Metropolitan Pub Company,the brand's own gift card design; brand marks remain their owners'
miller-carter.png,Miller & Carter,the brand's own gift card design; brand marks remain their owners'
morrisons.png,Morrisons,the brand's own gift card design; brand marks remain their owners'
moss.png,Moss,the brand's own gift card design; brand marks remain their owners'
naked-wines.png,Naked Wines,the brand's own gift card design; brand marks remain their owners'
nandos.png,Nando's,the brand's own gift card design; brand marks remain their owners'
national-book-tokens.png,National Book Tokens,the brand's own gift card design; brand marks remain their owners'
national-garden-gift-card.png,National Garden Gift Card,the brand's own gift card design; brand marks remain their owners'
national-trust.png,National Trust,the brand's own gift card design; brand marks remain their owners'
new-look.png,New Look,the brand's own gift card design; brand marks remain their owners'
nicholsons.png,Nicholson's,the brand's own gift card design; brand marks remain their owners'
not-on-the-high-street.png,Not On The High Street,the brand's own gift card design; brand marks remain their owners'
o-neills.png,O'Neill's,the brand's own gift card design; brand marks remain their owners'
odeon.png,ODEON,the brand's own gift card design; brand marks remain their owners'
paul-smith.png,Paul Smith,the brand's own gift card design; brand marks remain their owners'
pizza-express.png,PizzaExpress,the brand's own gift card design; brand marks remain their owners'
premium-country-pubs.png,Premium Country Pubs,the brand's own gift card design; brand marks remain their owners'
primark.png,Primark,the brand's own gift card design; brand marks remain their owners'
real-food-hub.png,Real Food Hub,the brand's own gift card design; brand marks remain their owners'
record-tokens.png,Record Tokens,the brand's own gift card design; brand marks remain their owners'
red-letter-days.png,Red Letter Days,the brand's own gift card design; brand marks remain their owners'
rituals.png,Rituals,the brand's own gift card design; brand marks remain their owners'
river-island.png,River Island,the brand's own gift card design; brand marks remain their owners'
sainsburys.png,Sainsbury's,the brand's own gift card design; brand marks remain their owners'
schuh.png,schuh,the brand's own gift card design; brand marks remain their owners'
screwfix.png,Screwfix,the brand's own gift card design; brand marks remain their owners'
selfridges.png,Selfridges & Co,the brand's own gift card design; brand marks remain their owners'
sizzling-pubs.png,Sizzling Pubs,the brand's own gift card design; brand marks remain their owners'
spabreaks.png,Spabreaks.com,the brand's own gift card design; brand marks remain their owners'
sports-direct.png,Sports Direct,the brand's own gift card design; brand marks remain their owners'
stonehouse.png,Stonehouse Pizza & Carvery,the brand's own gift card design; brand marks remain their owners'
superdry.png,Superdry,the brand's own gift card design; brand marks remain their owners'
tapi.png,Tapi Carpets & Flooring,the brand's own gift card design; brand marks remain their owners'
tgjones.png,TGJones,the brand's own gift card design; brand marks remain their owners'
the-body-shop.png,The Body Shop,the brand's own gift card design; brand marks remain their owners'
the-entertainer.png,The Entertainer,the brand's own gift card design; brand marks remain their owners'
tk-maxx.png,TK Maxx,the brand's own gift card design; brand marks remain their owners'
toby-carvery.png,Toby Carvery,the brand's own gift card design; brand marks remain their owners'
treatwell.png,Treatwell,the brand's own gift card design; brand marks remain their owners'
tripgift.png,TripGift,the brand's own gift card design; brand marks remain their owners'
turtle-bay.png,Turtle Bay,the brand's own gift card design; brand marks remain their owners'
vintage-inns.png,Vintage Inns,the brand's own gift card design; brand marks remain their owners'
virgin.png,Virgin,the brand's own gift card design; brand marks remain their owners'
virgin-experience-days.png,Virgin Experience Days,the brand's own gift card design; brand marks remain their owners'
wagamama.png,wagamama,the brand's own gift card design; brand marks remain their owners'
waitrose.png,Waitrose & Partners,the brand's own gift card design; brand marks remain their owners'
waterstones.png,Waterstones,the brand's own gift card design; brand marks remain their owners'
the-white-company.png,The White Company,the brand's own gift card design; brand marks remain their owners'
whsmith.png,WHSmith,the brand's own gift card design; brand marks remain their owners'
zizzi.png,Zizzi,the brand's own gift card design; brand marks remain their owners'
