Brand / product,Image filename,Product page,Image source,Bytes,Content type
12-Month Kids Pass,https://www.voucherexpress.com/digital-gift-card/12-month-kids-pass,https://www.voucherexpress.com/storage/PlutusProductImages/Kids Pass 12 Months Gift Card Logo.png,12-Month_Kids_Pass_12-month-kids-pass_ec7b94.png,15154,image/png
3-Month Kids Pass,https://www.voucherexpress.com/digital-gift-card/kids-pass-3-months,https://www.voucherexpress.com/storage/PlutusProductImages/Kids Pass 3 Months Gift Card Logo.png,3-Month_Kids_Pass_kids-pass-3-months_f26f0e.png,13894,image/png
6-Month Kids Pass,https://www.voucherexpress.com/digital-gift-card/6-month-kids-pass,https://www.voucherexpress.com/storage/PlutusProductImages/Kids Pass 6 Months Gift Card Logo.png,6-Month_Kids_Pass_6-month-kids-pass_50212d.png,14138,image/png
Aberdeen City,https://www.voucherexpress.com/digital-gift-card/aberdeen-city,https://www.voucherexpress.com/storage/PlutusProductImages/Aberdeen - 600x374 - card.png,Aberdeen_City_aberdeen-city_42c886.png,87830,image/png
Aberdeenshire,https://www.voucherexpress.com/digital-gift-card/aberdeenshire-area,https://www.voucherexpress.com/storage/PlutusProductImages/Aberdeenshire - 600x374 - card.png,Aberdeenshire_aberdeenshire-area_dce1a4.png,62673,image/png
Adidas,https://www.voucherexpress.com/digital-gift-card/adidas,https://www.voucherexpress.com/storage/PlutusProductImages/Adidas Gift Card Logo.png,Adidas_adidas_a9dbcd.png,4420,image/png
Airbnb,https://www.voucherexpress.com/digital-gift-card/airbnb,https://www.voucherexpress.com/storage/PlutusProductImages/Airbnb Gift Card Logo.png,Airbnb_airbnb_00f05b.png,4084,image/png
ALDI,https://www.voucherexpress.com/digital-gift-card/aldi,https://www.voucherexpress.com/storage/PlutusProductImages/Aldi Gift Card Logo.png,ALDI_aldi_9fea6c.png,14429,image/png
All Bar One,https://www.voucherexpress.com/digital-gift-card/all-bar-one,https://www.voucherexpress.com/storage/PlutusProductImages/All Bar One Gift Card Logo.png,All_Bar_One_all-bar-one_7637d7.png,4694,image/png
Amalfi Ristorante,https://www.voucherexpress.com/digital-gift-card/amalfi-ristorante,https://www.voucherexpress.com/storage/PlutusProductImages/Amalfi Gift Card Logo.png,Amalfi_Ristorante_amalfi-ristorante_445891.png,16158,image/png
American Golf,https://www.voucherexpress.com/gift-card/american-golf,https://www.voucherexpress.com/storage/PlutusProductImages/American Golf Gift Card Logo.png,American_Golf_american-golf_648f58.png,8140,image/png
Argos,https://www.voucherexpress.com/digital-gift-card/argos,https://www.voucherexpress.com/storage/PlutusProductImages/Argos.png,Argos_argos_99709c.png,43251,image/png
ASDA,https://www.voucherexpress.com/digital-gift-card/asda,https://www.voucherexpress.com/storage/PlutusProductImages/Asda Gift Card Logo.png,ASDA_asda_fc1c95.png,7154,image/png
ASK Italian,https://www.voucherexpress.com/digital-gift-card/ask-italian,https://www.voucherexpress.com/storage/PlutusProductImages/Ask Italian Gift Card Logo.png,ASK_Italian_ask-italian_992a1e.png,6597,image/png
ASOS,https://www.voucherexpress.com/digital-gift-card/asos,https://www.voucherexpress.com/storage/PlutusProductImages/Asos Gift Card Logo.png,ASOS_asos_31edd8.png,7429,image/png
Aspinal of London,https://www.voucherexpress.com/digital-gift-card/aspinal-of-london,https://www.voucherexpress.com/storage/PlutusProductImages/AspinalofLondon Gift Card Logo.png,Aspinal_of_London_aspinal-of-london_40b3b6.png,6760,image/png
B&M,https://www.voucherexpress.com/digital-gift-card/b-and-m,https://www.voucherexpress.com/storage/PlutusProductImages/BandM Gift Card Logo.png,BM_b-and-m_cd590b.png,52985,image/png
B&Q,https://www.voucherexpress.com/digital-gift-card/b-and-q,https://www.voucherexpress.com/storage/PlutusProductImages/BandQ Gift Card Logo.png,BQ_b-and-q_99c7e1.png,3281,image/png
Ballymena Town,https://www.voucherexpress.com/digital-gift-card/ballymena-town,https://www.voucherexpress.com/storage/PlutusProductImages/Ballymena - 600x374 - card.png,Ballymena_Town_ballymena-town_b6aaeb.png,80416,image/png
Banana Tree,https://www.voucherexpress.com/digital-gift-card/banana-tree,https://www.voucherexpress.com/storage/PlutusProductImages/Banana-Tree.png,Banana_Tree_banana-tree_bc9913.png,60038,image/png
Bath City,https://www.voucherexpress.com/digital-gift-card/bath-city,https://www.voucherexpress.com/storage/PlutusProductImages/Bath - 600x374 - card.png,Bath_City_bath-city_88a21c.png,123215,image/png
Beaverbrooks,https://www.voucherexpress.com/gift-card/beaverbrooks,https://www.voucherexpress.com/storage/PlutusProductImages/Beaverbrooks Gift Card Logo.png,Beaverbrooks_beaverbrooks_de5e54.png,8740,image/png
Belhaven Pubs,https://www.voucherexpress.com/gift-card/belhaven-pubs,https://www.voucherexpress.com/storage/PlutusProductImages/Belhaven Gift Card Logo.png,Belhaven_Pubs_belhaven-pubs_1664ae.png,21602,image/png
Bella Italia,https://www.voucherexpress.com/digital-gift-card/bella-italia,https://www.voucherexpress.com/storage/PlutusProductImages/Bella Italia Gift Card Logo.png,Bella_Italia_bella-italia_c4c8c1.png,5381,image/png
Bolt,https://www.voucherexpress.com/digital-gift-card/bolt,https://www.voucherexpress.com/storage/PlutusProductImages/Bolt Gift Card Logo.png,Bolt_bolt_e9857e.png,17821,image/png
Boots,https://www.voucherexpress.com/digital-gift-card/boots,https://www.voucherexpress.com/storage/PlutusProductImages/Boots Gift Card Logo.png,Boots_boots_c5924b.png,7522,image/png
Bradford City,https://www.voucherexpress.com/digital-gift-card/bradford-city,https://www.voucherexpress.com/storage/PlutusProductImages/Bradford - 600x374 - card.png,Bradford_City_bradford-city_4c1ed0.png,50583,image/png
Bristol City,https://www.voucherexpress.com/digital-gift-card/bristol-city,https://www.voucherexpress.com/storage/PlutusProductImages/Bristol - 600x374 - card.png,Bristol_City_bristol-city_4ade46.png,42012,image/png
Browns,https://www.voucherexpress.com/digital-gift-card/browns,https://www.voucherexpress.com/storage/PlutusProductImages/Browns Gift Card Logo.png,Browns_browns_de8712.png,39417,image/png
Bucketlistgift®,https://www.voucherexpress.com/digital-gift-card/bucketlistgift®,https://www.voucherexpress.com/storage/PlutusProductImages/BucketlistGift - Card Logo 600 x 374px.png,Bucketlistgift_bucketlistgift_9e9015.png,5161,image/png
Buyagift,https://www.voucherexpress.com/digital-gift-card/buyagift,https://www.voucherexpress.com/storage/PlutusProductImages/Buyagift Gift Card Logo.png,Buyagift_buyagift_79385c.png,6218,image/png
Cadbury Gifts,https://www.voucherexpress.com/digital-gift-card/cadbury-gifts,https://www.voucherexpress.com/storage/PlutusProductImages/Cadbury Gifts Gift Card Logo.png,Cadbury_Gifts_cadbury-gifts_860389.png,12103,image/png
Caffè Nero,https://www.voucherexpress.com/digital-gift-card/caffe-nero,https://www.voucherexpress.com/storage/PlutusProductImages/Caffe Nero Gift Card Logo.png,Caff_Nero_caffe-nero_8ac306.png,9323,image/png
Café Rouge,https://www.voucherexpress.com/digital-gift-card/cafe-rouge,https://www.voucherexpress.com/storage/PlutusProductImages/Cafe Rouge Gift Card Logo.png,Caf_Rouge_cafe-rouge_f978d7.png,5812,image/png
Cambridge City,https://www.voucherexpress.com/digital-gift-card/cambridge-city,https://www.voucherexpress.com/storage/PlutusProductImages/Cambridge - 600x374 - card.png,Cambridge_City_cambridge-city_b55490.png,63413,image/png
Castle,https://www.voucherexpress.com/digital-gift-card/castle,https://www.voucherexpress.com/storage/PlutusProductImages/Castle Gift Card Logo.png,Castle_castle_effebf.png,8327,image/png
Chef & Brewer,https://www.voucherexpress.com/digital-gift-card/chef-and-brewer,https://www.voucherexpress.com/storage/PlutusProductImages/Chef and Brewer Gift Card Logo.png,Chef_Brewer_chef-and-brewer_a033dd.png,7414,image/png
Chrome Collection - Virgin,https://www.voucherexpress.com/gift-card/the-chrome-collection,https://www.voucherexpress.com/storage/PlutusProductImages/VED-Chrome Gift Card Logo.png,Chrome_Collection_-_Virgin_the-chrome-collection_caedef.png,16645,image/png
Cineworld,https://www.voucherexpress.com/gift-card/cineworld,https://www.voucherexpress.com/storage/PlutusProductImages/Cineworld Gift Card Logo.png,Cineworld_cineworld_4e34d6.png,5107,image/png
Clarks,https://www.voucherexpress.com/digital-gift-card/clarks,https://www.voucherexpress.com/storage/PlutusProductImages/Clarks Gift Card Logo.png,Clarks_clarks_b56beb.png,11875,image/png
Costa,https://www.voucherexpress.com/digital-gift-card/costa,https://www.voucherexpress.com/storage/PlutusProductImages/Costa Gift Card Logo.png,Costa_costa_fa0396.png,5251,image/png
Crafted Pubs,https://www.voucherexpress.com/gift-card/crafted-pubs,https://www.voucherexpress.com/storage/PlutusProductImages/Crafted Pubs Gift Card Logo.png,Crafted_Pubs_crafted-pubs_e76ade.png,8156,image/png
Currys,https://www.voucherexpress.com/digital-gift-card/currys,https://www.voucherexpress.com/storage/PlutusProductImages/Currys Gift Card Logo.png,Currys_currys_8954ab.png,4415,image/png
Côte,https://www.voucherexpress.com/digital-gift-card/côte,https://www.voucherexpress.com/storage/PlutusProductImages/Cote Gift Card Logo.png,Cte_cte_844e54.png,3232,image/png
De Vere Hotels,https://www.voucherexpress.com/digital-gift-card/de-vere-hotels,https://www.voucherexpress.com/storage/PlutusProductImages/DeVere Gift Card Logo.png,De_Vere_Hotels_de-vere-hotels_195df0.png,4888,image/png
Decathlon,https://www.voucherexpress.com/digital-gift-card/decathlon,https://www.voucherexpress.com/storage/PlutusProductImages/Decathlon Gift Card Logo.png,Decathlon_decathlon_360f9a.png,3380,image/png
Deliveroo,https://www.voucherexpress.com/digital-gift-card/deliveroo,https://www.voucherexpress.com/storage/PlutusProductImages/Deliveroo Gift Card Logo.png,Deliveroo_deliveroo_2edcc6.png,4073,image/png
Dots.eco 10kg Carbon Offset,https://www.voucherexpress.com/digital-gift-card/dots-eco-offset-10kgs-of-carbon-emissions-uk,https://www.voucherexpress.com/storage/PlutusProductImages/Dots.eco Offset Carbon Emissions Git Card Logo.png,Dots.eco_10kg_Carbon_Offset_dots-eco-offset-10kgs-of-carbon-emissions-uk_2f7c5f.png,41754,image/png
Dots.eco Coral Reef eGift | Instant Digital Delivery UK,https://www.voucherexpress.com/digital-gift-card/dots-eco-restore-1-fragment-of-coral-reef-uk,https://www.voucherexpress.com/storage/PlutusProductImages/Dots.eco Restore Coral Reef Gift Card Logo.png,Dots.eco_Coral_Reef_eGift_Instant_Digital_Delivery_UK_dots-eco-restore-1-fragment-of-coral-reef-uk_4097df.png,57482,image/png
Dots.eco Ocean Plastic Clean-Up,https://www.voucherexpress.com/digital-gift-card/dots-eco-clean-1lb-of-ocean-plastic-uk,https://www.voucherexpress.com/storage/PlutusProductImages/Dots.eco Clean Ocean Plastic Gift Card Logo.png,Dots.eco_Ocean_Plastic_Clean-Up_dots-eco-clean-1lb-of-ocean-plastic-uk_dadd14.png,45200,image/png
Dots.eco Rescued Pets,https://www.voucherexpress.com/digital-gift-card/dots-eco-support-rescued-pets-uk,https://www.voucherexpress.com/storage/PlutusProductImages/Dots.eco - Support rescued pets Gift Card Logo.png,Dots.eco_Rescued_Pets_dots-eco-support-rescued-pets-uk_a3e9eb.png,41276,image/png
Dots.eco Tree Planting,https://www.voucherexpress.com/digital-gift-card/plant-a-tree-where-needed-most,https://www.voucherexpress.com/storage/PlutusProductImages/Dots.eco Plant Trees Where Needed Most Gift Card Logo.png,Dots.eco_Tree_Planting_plant-a-tree-where-needed-most_80cb01.png,71699,image/png
Dunelm,https://www.voucherexpress.com/digital-gift-card/dunelm,https://www.voucherexpress.com/storage/PlutusProductImages/Dunelm Gift Card Logo.png,Dunelm_dunelm_7c1071.png,4336,image/png
Ecoswap,https://www.voucherexpress.com/digital-gift-card/ecoswap,https://www.voucherexpress.com/storage/PlutusProductImages/Ecoswap Gift Card Logo.png,Ecoswap_ecoswap_e03e26.png,35463,image/png
Edinburgh City,https://www.voucherexpress.com/digital-gift-card/edinburgh-city,https://www.voucherexpress.com/storage/PlutusProductImages/Edinburgh - 600x374 - card.png,Edinburgh_City_edinburgh-city_c9d974.png,37507,image/png
Ember Inns,https://www.voucherexpress.com/digital-gift-card/ember-inns,https://www.voucherexpress.com/storage/PlutusProductImages/Ember Inns Gift Card Logo.png,Ember_Inns_ember-inns_11c6cb.png,26578,image/png
Ernest Jones,https://www.voucherexpress.com/digital-gift-card/ernest-jones,https://www.voucherexpress.com/storage/PlutusProductImages/Ernest Jones Gift Card Logo.png,Ernest_Jones_ernest-jones_62115e.png,8239,image/png
Etsy,https://www.voucherexpress.com/digital-gift-card/etsy,https://www.voucherexpress.com/storage/PlutusProductImages/Etsy Gift Card Logo.png,Etsy_etsy_90a976.png,4954,image/png
Eurostar,https://www.voucherexpress.com/digital-gift-card/eurostar,https://www.voucherexpress.com/storage/PlutusProductImages/Eurostar Gift Card Logo.png,Eurostar_eurostar_5b08a7.png,4794,image/png
Evans Cycles,https://www.voucherexpress.com/digital-gift-card/evans-cycles,https://www.voucherexpress.com/storage/PlutusProductImages/EvansCycles_600x374 - card.png,Evans_Cycles_evans-cycles_554f3e.png,4466,image/png
Everyman,https://www.voucherexpress.com/digital-gift-card/everyman,https://www.voucherexpress.com/storage/PlutusProductImages/everyman updated again.png,Everyman_everyman_017d11.png,33042,image/png
Farmfoods,https://www.voucherexpress.com/digital-gift-card/farmfoods,https://www.voucherexpress.com/storage/PlutusProductImages/Farmfoods Gift Card Logo.png,Farmfoods_farmfoods_729f4e.png,5394,image/png
Farmhouse Inns Gift Cards | Voucher Express UK,https://www.voucherexpress.com/gift-card/farmhouse-inns-dining-and-carvery,https://www.voucherexpress.com/storage/PlutusProductImages/Farmhouse Inns Gift Card Logo.png,Farmhouse_Inns_Gift_Cards_Voucher_Express_UK_farmhouse-inns-dining-and-carvery_58addd.png,20694,image/png
Five Guys eGift | Instant Digital Delivery UK,https://www.voucherexpress.com/digital-gift-card/five-guys,https://www.voucherexpress.com/storage/PlutusProductImages/five guys updated.png,Five_Guys_eGift_Instant_Digital_Delivery_UK_five-guys_110ee6.png,29730,image/png
Flaming Grill,https://www.voucherexpress.com/gift-card/flaming-grill,https://www.voucherexpress.com/storage/PlutusProductImages/Flaming Grill Gift Card Logo.png,Flaming_Grill_flaming-grill_2b9d2a.png,30369,image/png
Flannels,https://www.voucherexpress.com/digital-gift-card/flannels,https://www.voucherexpress.com/storage/PlutusProductImages/Flannels_600x374 - card.png,Flannels_flannels_276438.png,3863,image/png
Footasylum,https://www.voucherexpress.com/digital-gift-card/footasylum,https://www.voucherexpress.com/storage/PlutusProductImages/Foot Asylum Gift Card Logo.png,Footasylum_footasylum_f0c371.png,43691,image/png
Frasers Group,https://www.voucherexpress.com/digital-gift-card/frasers-group,https://www.voucherexpress.com/storage/PlutusProductImages/Frasers Group Gift Card Logo.png,Frasers_Group_frasers-group_64bf69.png,14766,image/png
Game,https://www.voucherexpress.com/digital-gift-card/game,https://www.voucherexpress.com/storage/PlutusProductImages/GAME_600x374 - card.png,Game_game_97aa18.png,4392,image/png
George at ASDA,https://www.voucherexpress.com/gift-card/george,https://www.voucherexpress.com/storage/PlutusProductImages/George Gift Card Logo.png,George_at_ASDA_george_450a61.png,7498,image/png
Glasgow City,https://www.voucherexpress.com/digital-gift-card/glasgow-city,https://www.voucherexpress.com/storage/PlutusProductImages/Glasgow - 600x374 - card.png,Glasgow_City_glasgow-city_79f410.png,22094,image/png
Global Auto Card,https://www.voucherexpress.com/digital-gift-card/global-auto-card,https://www.voucherexpress.com/storage/PlutusProductImages/Global Auto Card Gift Card Logo.png,Global_Auto_Card_global-auto-card_a2f4c9.png,75487,image/png
Global Experiences,https://www.voucherexpress.com/digital-gift-card/global-experiences,https://www.voucherexpress.com/storage/PlutusProductImages/Global Experiences Gift Card Logo.png,Global_Experiences_global-experiences_50a4e9.png,10423,image/png
Global Hotel,https://www.voucherexpress.com/digital-gift-card/global-hotel,https://www.voucherexpress.com/storage/PlutusProductImages/Global Hotel Gift Card Logo.png,Global_Hotel_global-hotel_bbb7df.png,77043,image/png
Gloucester City,https://www.voucherexpress.com/digital-gift-card/gloucester-city,https://www.voucherexpress.com/storage/PlutusProductImages/Gloucester - 600x374 - card.png,Gloucester_City_gloucester-city_f2fb22.png,12893,image/png
Go Ape,https://www.voucherexpress.com/digital-gift-card/go-ape,https://www.voucherexpress.com/storage/PlutusProductImages/Go Ape Gift Card Logo.png,Go_Ape_go-ape_8028be.png,8388,image/png
Graphite Collection - Virgin,https://www.voucherexpress.com/gift-card/the-graphite-collection,https://www.voucherexpress.com/storage/PlutusProductImages/VED-Graphite Gift Card Logo.png,Graphite_Collection_-_Virgin_the-graphite-collection_a5590b.png,6848,image/png
Great British Dining,https://www.voucherexpress.com/gift-card/great-british-dining,https://www.voucherexpress.com/storage/PlutusProductImages/Great British Dining Card Gift Card Logo.png,Great_British_Dining_great-british-dining_3a4749.png,17434,image/png
Great British Pub,https://www.voucherexpress.com/gift-card/great-british-pub,https://www.voucherexpress.com/storage/PlutusProductImages/Great British Pub Card Gift Card Logo.png,Great_British_Pub_great-british-pub_578a9a.png,19422,image/png
Greene King,https://www.voucherexpress.com/gift-card/greene-king,https://www.voucherexpress.com/storage/PlutusProductImages/Greene King Gift Card Logo.png,Greene_King_greene-king_5a5838.png,50767,image/png
Greggs eGift Cards | Buy Online at Voucher Express,https://www.voucherexpress.com/digital-gift-card/greggs,https://www.voucherexpress.com/storage/PlutusProductImages/Greggs Gift Card Logo.png,Greggs_eGift_Cards_Buy_Online_at_Voucher_Express_greggs_4ecfc2.png,3601,image/png
Gymshark E-gift Cards | Voucherexpress,https://www.voucherexpress.com/digital-gift-card/gymshark,https://www.voucherexpress.com/storage/PlutusProductImages/Gymshark Gift Card Logo.png,Gymshark_E-gift_Cards_Voucherexpress_gymshark_951422.png,7338,image/png
H&M,https://www.voucherexpress.com/digital-gift-card/h-and-m,https://www.voucherexpress.com/storage/PlutusProductImages/HandM Gift Card Logo.png,HM_h-and-m_53cda5.png,5159,image/png
H. Samuel,https://www.voucherexpress.com/digital-gift-card/h-samuel,https://www.voucherexpress.com/storage/PlutusProductImages/HSamuel Gift Card Logo.png,H._Samuel_h-samuel_e960e8.png,8810,image/png
Habitat,https://www.voucherexpress.com/digital-gift-card/habitat,https://www.voucherexpress.com/storage/PlutusProductImages/Habitat Gift Card Logo.png,Habitat_habitat_de094d.png,9793,image/png
Halfords,https://www.voucherexpress.com/digital-gift-card/halfords,https://www.voucherexpress.com/storage/PlutusProductImages/Halfords Gift Card Logo.png,Halfords_halfords_db8df3.png,3719,image/png
Halfords,https://www.voucherexpress.com/gift-card/halfords,https://www.voucherexpress.com/storage/PlutusProductImages/Halfords Gift Card Logo.png,Halfords_halfords_fd9391.png,3719,image/png
Halfords Autocentre,https://www.voucherexpress.com/digital-gift-card/halfords-autocentre,https://www.voucherexpress.com/storage/PlutusProductImages/Halfords Auto Centre Gift Card Logo.png,Halfords_Autocentre_halfords-autocentre_6f424e.png,28517,image/png
Healthy Minds Club,https://www.voucherexpress.com/digital-gift-card/healthy-minds-club,https://www.voucherexpress.com/storage/PlutusProductImages/Healthy Minds Club Gift Card Logo.png,Healthy_Minds_Club_healthy-minds-club_02ddd1.png,7360,image/png
HelloFresh,https://www.voucherexpress.com/digital-gift-card/hellofresh,https://www.voucherexpress.com/storage/PlutusProductImages/Hello Fresh Gift Card Logo.png,HelloFresh_hellofresh_8a9b7a.png,9470,image/png
High Street Dining Out,https://www.voucherexpress.com/digital-gift-card/high-street,https://www.voucherexpress.com/storage/PlutusProductImages/High St Gift Card Logo.png,High_Street_Dining_Out_high-street_6dc911.png,5314,image/png
Hobbycraft,https://www.voucherexpress.com/digital-gift-card/hobbycraft,https://www.voucherexpress.com/storage/PlutusProductImages/Hobbycraft Gift Card Logo.png,Hobbycraft_hobbycraft_eab437.png,14410,image/png
Homesense,https://www.voucherexpress.com/digital-gift-card/homesense,https://www.voucherexpress.com/storage/PlutusProductImages/Homesense Gift Card Logo.png,Homesense_homesense_8fcbeb.png,6910,image/png
Hotels.com eGift Cards | Buy Online at Voucher Express,https://www.voucherexpress.com/digital-gift-card/hotels-com,https://www.voucherexpress.com/storage/PlutusProductImages/Hotelscom Gift Card Logo.png,Hotels.com_eGift_Cards_Buy_Online_at_Voucher_Express_hotels-com_cf9cf1.png,10222,image/png
Hungry Horse,https://www.voucherexpress.com/gift-card/hungry-horse,https://www.voucherexpress.com/storage/PlutusProductImages/Hungry Horse Gift Card Logo.png,Hungry_Horse_hungry-horse_b3dc9c.png,14298,image/png
Iceland,https://www.voucherexpress.com/digital-gift-card/iceland,https://www.voucherexpress.com/storage/PlutusProductImages/Iceland Gift Card Logo.png,Iceland_iceland_1be65a.png,3381,image/png
IKEA,https://www.voucherexpress.com/digital-gift-card/ikea,https://www.voucherexpress.com/storage/PlutusProductImages/IKEA Gift Card Logo.png,IKEA_ikea_1f2ce2.png,3557,image/png
Indigo Collection - Virgin,https://www.voucherexpress.com/gift-card/the-indigo-collection,https://www.voucherexpress.com/storage/PlutusProductImages/VED-Indigo Gift Card Logo.png,Indigo_Collection_-_Virgin_the-indigo-collection_d6fb86.png,6713,image/png
Innkeeper's Collection,https://www.voucherexpress.com/digital-gift-card/innkeepers-collection,https://www.voucherexpress.com/storage/PlutusProductImages/Inn Keepers Collection Gift Card Logo.png,Innkeepers_Collection_innkeepers-collection_dd6c12.png,10337,image/png
Inspire TravelCard,https://www.voucherexpress.com/digital-gift-card/travelcard-by-inspire,https://www.voucherexpress.com/storage/PlutusProductImages/Inspire Gift Card Logo.png,Inspire_TravelCard_travelcard-by-inspire_e7a5b8.png,5815,image/png
Inverness City,https://www.voucherexpress.com/digital-gift-card/inverness-city,https://www.voucherexpress.com/storage/PlutusProductImages/Inverness - 600x374 - card.png,Inverness_City_inverness-city_57dec1.png,70470,image/png
Jack Wills,https://www.voucherexpress.com/digital-gift-card/jack-wills,https://www.voucherexpress.com/storage/PlutusProductImages/JackWills_600x374 - card.png,Jack_Wills_jack-wills_246543.png,5177,image/png
JD Sports,https://www.voucherexpress.com/digital-gift-card/jd-sports,https://www.voucherexpress.com/storage/PlutusProductImages/JD Sports Gift Card Logo.png,JD_Sports_jd-sports_aa09db.png,11974,image/png
John Lewis,https://www.voucherexpress.com/digital-gift-card/john-lewis,https://www.voucherexpress.com/storage/PlutusProductImages/John Lewis Gift Card Logo.png,John_Lewis_john-lewis_66368e.png,3768,image/png
Just Eat,https://www.voucherexpress.com/digital-gift-card/just-eat,https://www.voucherexpress.com/storage/PlutusProductImages/Just Eat Gift Card Logo.png,Just_Eat_just-eat_27a304.png,14895,image/png
Laithwaites Wine,https://www.voucherexpress.com/digital-gift-card/laithwaites-wine,https://www.voucherexpress.com/storage/PlutusProductImages/Laithwaites Gift Card Logo.png,Laithwaites_Wine_laithwaites-wine_c9bbe5.png,3951,image/png
Las Iguanas,https://www.voucherexpress.com/digital-gift-card/las-iguanas,https://www.voucherexpress.com/storage/PlutusProductImages/Las Iguanas Gift Card Logo.png,Las_Iguanas_las-iguanas_5a3609.png,4889,image/png
Lastminute.com,https://www.voucherexpress.com/digital-gift-card/lastminute,https://www.voucherexpress.com/storage/PlutusProductImages/Lastminutecom Gift Card Logo.png,Lastminute.com_lastminute_5921dd.png,5723,image/png
Lastminute.com Flights,https://www.voucherexpress.com/digital-gift-card/lastminute-flight-only,https://www.voucherexpress.com/storage/PlutusProductImages/Lastminutecom Flight Only Gift Card Only.png,Lastminute.com_Flights_lastminute-flight-only_6fd443.png,7922,image/png
LEGO,https://www.voucherexpress.com/digital-gift-card/lego,https://www.voucherexpress.com/storage/PlutusProductImages/Lego Gift Card Logo.png,LEGO_lego_90d0c8.png,5050,image/png
Leicester City,https://www.voucherexpress.com/digital-gift-card/leicester-city,https://www.voucherexpress.com/storage/PlutusProductImages/Leicester - 600x374 - card.png,Leicester_City_leicester-city_cea515.png,107513,image/png
London Collection - Virgin,https://www.voucherexpress.com/gift-card/the-enjoy-london-collection-for-two,https://www.voucherexpress.com/storage/PlutusProductImages/VED-Enjoy-London Gift Card Logo.png,London_Collection_-_Virgin_the-enjoy-london-collection-for-two_3f182c.png,6827,image/png
London Theatre Direct,https://www.voucherexpress.com/digital-gift-card/london-theatre-direct,https://www.voucherexpress.com/storage/PlutusProductImages/London Theatre Direct Gift Card Logo.png,London_Theatre_Direct_london-theatre-direct_30e679.png,8241,image/png
LoungePair,https://www.voucherexpress.com/digital-gift-card/loungepair,https://www.voucherexpress.com/storage/PlutusProductImages/Loungepair.png,LoungePair_loungepair_9dd31c.png,78608,image/png
Love2Shop,https://www.voucherexpress.com/digital-gift-card/love2shop,https://www.voucherexpress.com/storage/PlutusProductImages/L2s Gift Card Logo.png,Love2Shop_love2shop_2dc167.png,44679,image/png
Love2shop Holidays,https://www.voucherexpress.com/digital-gift-card/love2shop-holidays,https://www.voucherexpress.com/storage/PlutusProductImages/Love2Shop Holidays Gift Card Logo.png,Love2shop_Holidays_love2shop-holidays_fc0abc.png,25698,image/png
Lululemon eGift – Digital Gift Cards | Instant Delivery,https://www.voucherexpress.com/digital-gift-card/lululemon,https://www.voucherexpress.com/storage/PlutusProductImages/Lululemon Gift Card Logo.png,Lululemon_eGift_Digital_Gift_Cards_Instant_Delivery_lululemon_de65f2.png,3697,image/png
Lush,https://www.voucherexpress.com/digital-gift-card/lush,https://www.voucherexpress.com/storage/PlutusProductImages/Lush Gift Card Logo.png,Lush_lush_8be5ca.png,7599,image/png
Marks & Spencer,https://www.voucherexpress.com/digital-gift-card/marks-and-spencer,https://www.voucherexpress.com/storage/PlutusProductImages/Marks and Spencer Gift Card Logo.png,Marks_Spencer_marks-and-spencer_243301.png,4776,image/png
Merlin,https://www.voucherexpress.com/digital-gift-card/merlin,https://www.voucherexpress.com/storage/PlutusProductImages/Merlin Gift Card Logo.png,Merlin_merlin_b4c040.png,15530,image/png
Metropolitan Pub Company,https://www.voucherexpress.com/gift-card/metropolitan-pub-company,https://www.voucherexpress.com/storage/PlutusProductImages/Metropolitan Gift Card Logo.png,Metropolitan_Pub_Company_metropolitan-pub-company_4d5e27.png,8926,image/png
Miller & Carter,https://www.voucherexpress.com/digital-gift-card/miller-and-carter,https://www.voucherexpress.com/storage/PlutusProductImages/Miller and Carter Gift Card Logo.png,Miller_Carter_miller-and-carter_20ffb1.png,7007,image/png
Morrisons,https://www.voucherexpress.com/digital-gift-card/morrisons,https://www.voucherexpress.com/storage/PlutusProductImages/Morrisons Gift Card Logo.png,Morrisons_morrisons_d678b7.png,5971,image/png
Moss,https://www.voucherexpress.com/digital-gift-card/moss,https://www.voucherexpress.com/storage/PlutusProductImages/Moss 600x374 - card.png,Moss_moss_28e04d.png,39110,image/png
Naked Wines,https://www.voucherexpress.com/digital-gift-card/naked-wines,https://www.voucherexpress.com/storage/PlutusProductImages/Naked Wines Gift Card Logo.png,Naked_Wines_naked-wines_2098db.png,4287,image/png
Nando's,https://www.voucherexpress.com/digital-gift-card/nandos,https://www.voucherexpress.com/storage/PlutusProductImages/Nandos Gift Card Logo.png,Nandos_nandos_21afc1.png,7844,image/png
National Book Tokens,https://www.voucherexpress.com/digital-gift-card/national-book-tokens,https://www.voucherexpress.com/storage/PlutusProductImages/National Book Tokens Gift Card Logo.png,National_Book_Tokens_national-book-tokens_38d9d7.png,8959,image/png
National Garden,https://www.voucherexpress.com/digital-gift-card/national-gardens,https://www.voucherexpress.com/storage/PlutusProductImages/National Garden Gift Card Logo.png,National_Garden_national-gardens_175e05.png,9865,image/png
National Trust,https://www.voucherexpress.com/digital-gift-card/national-trust,https://www.voucherexpress.com/storage/PlutusProductImages/National Trust Gift Card Logo.png,National_Trust_national-trust_122bee.png,6068,image/png
New Look,https://www.voucherexpress.com/digital-gift-card/new-look,https://www.voucherexpress.com/storage/PlutusProductImages/New Look Gift Card Logo.png,New_Look_new-look_3ddd07.png,4167,image/png
Nicholson's,https://www.voucherexpress.com/digital-gift-card/nicholsons,https://www.voucherexpress.com/storage/PlutusProductImages/Nicholsons Gift Card Logo.png,Nicholsons_nicholsons_553879.png,17516,image/png
Nike,https://www.voucherexpress.com/digital-gift-card/nike,https://www.voucherexpress.com/storage/PlutusProductImages/Nike Gift Card Logo.png,Nike_nike_bb25d7.png,3045,image/png
Nintendo eShop,https://www.voucherexpress.com/digital-gift-card/nintendo-eshop,https://www.voucherexpress.com/storage/PlutusProductImages/Nintento eShop Gift Card Logo.png,Nintendo_eShop_nintendo-eshop_4abd69.png,22122,image/png
Nintendo Switch Online,https://www.voucherexpress.com/digital-gift-card/nintendo-switch-online,https://www.voucherexpress.com/storage/PlutusProductImages/Nintendo Switch Online Gift Card Logo.png,Nintendo_Switch_Online_nintendo-switch-online_5635c9.png,13418,image/png
Not On The High Street,https://www.voucherexpress.com/digital-gift-card/not-on-the-high-street,https://www.voucherexpress.com/storage/PlutusProductImages/Not On The High Street Gift Card Logo.png,Not_On_The_High_Street_not-on-the-high-street_9ed6cf.png,44408,image/png
O'Neill's,https://www.voucherexpress.com/digital-gift-card/oneills,https://www.voucherexpress.com/storage/PlutusProductImages/ONeills Gift Card Logo.png,ONeills_oneills_daa726.png,15261,image/png
ODEON,https://www.voucherexpress.com/digital-gift-card/odeon,https://www.voucherexpress.com/storage/PlutusProductImages/Odeon Gift Card Logo.png,ODEON_odeon_779c32.png,3423,image/png
Paul Smith,https://www.voucherexpress.com/digital-gift-card/paul-smith,https://www.voucherexpress.com/storage/PlutusProductImages/Paul Smith Gift Card Logo.png,Paul_Smith_paul-smith_1b9f30.png,6765,image/png
Pizza Express,https://www.voucherexpress.com/digital-gift-card/pizza-express,https://www.voucherexpress.com/storage/PlutusProductImages/Pizza Express Gift Card Logo.png,Pizza_Express_pizza-express_bfe8f5.png,52731,image/png
Pizza Express,https://www.voucherexpress.com/gift-card/pizza-express,https://www.voucherexpress.com/storage/PlutusProductImages/Pizza Express Gift Card Logo.png,Pizza_Express_pizza-express_c5f803.png,52731,image/png
PlayStation,https://www.voucherexpress.com/digital-gift-card/playstation,https://www.voucherexpress.com/storage/PlutusProductImages/Playstation.png,PlayStation_playstation_54fa41.png,3667,image/png
Premium Country Pubs,https://www.voucherexpress.com/digital-gift-card/premium-country-pubs,https://www.voucherexpress.com/storage/PlutusProductImages/Premium Country Pubs Gift Card Logo.png,Premium_Country_Pubs_premium-country-pubs_3dcfda.png,23083,image/png
Primark,https://www.voucherexpress.com/digital-gift-card/primark,https://www.voucherexpress.com/storage/PlutusProductImages/Primark Gift Card Logo.png,Primark_primark_e0ac05.png,4175,image/png
Real Food Hub,https://www.voucherexpress.com/digital-gift-card/real-food-hub,https://www.voucherexpress.com/storage/PlutusProductImages/Real Food Hub 600x374 - card.png,Real_Food_Hub_real-food-hub_dfb7bf.png,111396,image/png
Record Tokens available from Voucher Express,https://www.voucherexpress.com/gift-card/record-tokens,https://www.voucherexpress.com/storage/PlutusProductImages/Record Tokens Gift Card Logo.png,Record_Tokens_available_from_Voucher_Express_record-tokens_4185e1.png,11514,image/png
Red Letter Days,https://www.voucherexpress.com/digital-gift-card/red-letter-days,https://www.voucherexpress.com/storage/PlutusProductImages/Red Letter Days Gift Card Logo.png,Red_Letter_Days_red-letter-days_3b17f0.png,3670,image/png
Rituals,https://www.voucherexpress.com/digital-gift-card/rituals,https://www.voucherexpress.com/storage/PlutusProductImages/Rituals Gift Card Logo.png,Rituals_rituals_a5a353.png,15145,image/png
River Island Gift Vouchers -,https://www.voucherexpress.com/digital-gift-card/river-island,https://www.voucherexpress.com/storage/PlutusProductImages/River Island Gift Card Logo.png,River_Island_Gift_Vouchers_river-island_2ccfc5.png,5503,image/png
Roblox,https://www.voucherexpress.com/digital-gift-card/roblox,https://www.voucherexpress.com/storage/PlutusProductImages/Roblox Gift Card Logo.png,Roblox_roblox_eba812.png,3544,image/png
Sainsbury's,https://www.voucherexpress.com/digital-gift-card/sainsburys,https://www.voucherexpress.com/storage/PlutusProductImages/Sainsburys Gift Card Logo.png,Sainsburys_sainsburys_623aca.png,3864,image/png
Scarlet Collection - Virgin,https://www.voucherexpress.com/gift-card/the-scarlet-collection,https://www.voucherexpress.com/storage/PlutusProductImages/VED-Scarlet Gift Card Logo.png,Scarlet_Collection_-_Virgin_the-scarlet-collection_e8325c.png,6991,image/png
schuh,https://www.voucherexpress.com/digital-gift-card/schuh,https://www.voucherexpress.com/storage/PlutusProductImages/Schuh Gift Card Logo.png,schuh_schuh_64364a.png,3497,image/png
schuh Kids,https://www.voucherexpress.com/digital-gift-card/schuh-kids,https://www.voucherexpress.com/storage/PlutusProductImages/Schuh Kids.png,schuh_Kids_schuh-kids_4e8ab4.png,3469,image/png
Screwfix,https://www.voucherexpress.com/digital-gift-card/screwfix,https://www.voucherexpress.com/storage/PlutusProductImages/Screwfix Gift Card Logo.png,Screwfix_screwfix_f8d163.png,5299,image/png
Selfridges,https://www.voucherexpress.com/digital-gift-card/selfridges,https://www.voucherexpress.com/storage/PlutusProductImages/Selfridges Gift Card Logo.png,Selfridges_selfridges_a46091.png,6128,image/png
Sephora eGift | Instant Digital Delivery UK,https://www.voucherexpress.com/digital-gift-card/sephora,https://www.voucherexpress.com/storage/PlutusProductImages/Sephora Gift Card Logo.png,Sephora_eGift_Instant_Digital_Delivery_UK_sephora_0ed0e6.png,4271,image/png
Sizzling Pubs,https://www.voucherexpress.com/digital-gift-card/sizzling-pubs,https://www.voucherexpress.com/storage/PlutusProductImages/Sizzling Gift Card Logo.png,Sizzling_Pubs_sizzling-pubs_f3e1c2.png,39687,image/png
Sloane Street,https://www.voucherexpress.com/gift-card/sloane-street,https://www.voucherexpress.com/storage/PlutusProductImages/Sloane Street Gift Card Logo.png,Sloane_Street_sloane-street_ede258.png,5569,image/png
South Ayrshire Area,https://www.voucherexpress.com/digital-gift-card/south-ayrshire-area,https://www.voucherexpress.com/storage/PlutusProductImages/South Ayshire - 600x374 - card.png,South_Ayrshire_Area_south-ayrshire-area_54dc08.png,37588,image/png
Spabreaks.com,https://www.voucherexpress.com/digital-gift-card/spabreaks,https://www.voucherexpress.com/storage/PlutusProductImages/Spabreaks Gift Card Logo.png,Spabreaks.com_spabreaks_db9fc2.png,4434,image/png
Sports Direct,https://www.voucherexpress.com/digital-gift-card/sports-direct,https://www.voucherexpress.com/storage/PlutusProductImages/Sports Direct Gift Card Logo.png,Sports_Direct_sports-direct_d95fe8.png,5815,image/png
Starbucks eGift – Digital Gift Cards | Instant Delivery,https://www.voucherexpress.com/digital-gift-card/starbucks,https://www.voucherexpress.com/storage/PlutusProductImages/Starbucks Gift Card Logo.png,Starbucks_eGift_Digital_Gift_Cards_Instant_Delivery_starbucks_03c840.png,8350,image/png
Stonehouse,https://www.voucherexpress.com/digital-gift-card/stonehouse,https://www.voucherexpress.com/storage/PlutusProductImages/Stonehouse Gift Card Logo.png,Stonehouse_stonehouse_76067e.png,14195,image/png
Sunderland City,https://www.voucherexpress.com/digital-gift-card/sunderland-city,https://www.voucherexpress.com/storage/PlutusProductImages/Sunderland - 600x374 - card.png,Sunderland_City_sunderland-city_03a852.png,22113,image/png
Superdry,https://www.voucherexpress.com/digital-gift-card/superdry,https://www.voucherexpress.com/storage/PlutusProductImages/Superdry Gift Card Logo.png,Superdry_superdry_8d2760.png,6571,image/png
Tapi Carpets & Flooring,https://www.voucherexpress.com/digital-gift-card/tapi-carpets-and-flooring,https://www.voucherexpress.com/storage/PlutusProductImages/Tapi Gift Card Logo.png,Tapi_Carpets_Flooring_tapi-carpets-and-flooring_30a7c1.png,7773,image/png
TGJones eGift – Digital Gift Cards | Instant Delivery,https://www.voucherexpress.com/digital-gift-card/tgjones,https://www.voucherexpress.com/storage/PlutusProductImages/TGJones Gift Card Logo.png,TGJones_eGift_Digital_Gift_Cards_Instant_Delivery_tgjones_57aeec.png,4094,image/png
The Body Shop,https://www.voucherexpress.com/digital-gift-card/the-body-shop,https://www.voucherexpress.com/storage/PlutusProductImages/The Body Shop Gift Card Logo.png,The_Body_Shop_the-body-shop_1cc809.png,24138,image/png
The Charity Shop,https://www.voucherexpress.com/digital-gift-card/the-charity-shop-gift-card,https://www.voucherexpress.com/storage/PlutusProductImages/The Charity Shop Gift Card Logo.png,The_Charity_Shop_the-charity-shop-gift-card_7a78e0.png,96119,image/png
The Craft Beer Gift Card,https://www.voucherexpress.com/digital-gift-card/the-craft-beer-gift-card,https://www.voucherexpress.com/storage/PlutusProductImages/d38f5c37-67f8-4bb2-8ec8-b1456ecbacba (1).png,The_Craft_Beer_Gift_Card_the-craft-beer-gift-card_b7fe56.png,10273,image/png
The Dining Out,https://www.voucherexpress.com/digital-gift-card/the-dining-out-gift-card,https://www.voucherexpress.com/storage/PlutusProductImages/The Dining Out Gift Card Gift Card Logo.png,The_Dining_Out_the-dining-out-gift-card_a7a855.png,33395,image/png
The Entertainer,https://www.voucherexpress.com/digital-gift-card/the-entertainer,https://www.voucherexpress.com/storage/PlutusProductImages/The Entertainer Gift Card Logo.png,The_Entertainer_the-entertainer_050bc2.png,34907,image/png
The Magazine,https://www.voucherexpress.com/digital-gift-card/the-magazine-egift-card,https://www.voucherexpress.com/storage/PlutusProductImages/The Magazine Gift Card Gift Card Logo.png,The_Magazine_the-magazine-egift-card_0b70eb.png,9412,image/png
The Restaurant,https://www.voucherexpress.com/digital-gift-card/the-restaurant-egift-card,https://www.voucherexpress.com/storage/PlutusProductImages/The-Restaurant-Card.png,The_Restaurant_the-restaurant-egift-card_3e08f3.png,19716,image/png
The Sporting Venue Tour Collection Gift Cards | UK Postal Delivery,https://www.voucherexpress.com/gift-card/the-sporting-venue-tour-collection,https://www.voucherexpress.com/storage/PlutusProductImages/VED-Sporting-Venue Gift Card Logo.png,The_Sporting_Venue_Tour_Collection_Gift_Cards_UK_Postal_Delivery_the-sporting-venue-tour-collection_c7d7c5.png,6989,image/png
Ticketmaster,https://www.voucherexpress.com/digital-gift-card/ticketmaster,https://www.voucherexpress.com/storage/PlutusProductImages/Ticketmaster Gift Card Logo.png,Ticketmaster_ticketmaster_b64d88.png,9329,image/png
TK Maxx,https://www.voucherexpress.com/digital-gift-card/tk-maxx,https://www.voucherexpress.com/storage/PlutusProductImages/TKMaxx Gift Card Logo.png,TK_Maxx_tk-maxx_245a0b.png,3728,image/png
Toby Carvery,https://www.voucherexpress.com/digital-gift-card/toby-carvery,https://www.voucherexpress.com/storage/PlutusProductImages/Toby Carvery Gift Card Logo.png,Toby_Carvery_toby-carvery_53b8a8.png,17351,image/png
Treatwell,https://www.voucherexpress.com/digital-gift-card/treatwell,https://www.voucherexpress.com/storage/PlutusProductImages/Treatwell Gift Card Logo.png,Treatwell_treatwell_5365e4.png,4553,image/png
TripGift,https://www.voucherexpress.com/digital-gift-card/tripgift,https://www.voucherexpress.com/storage/PlutusProductImages/Tripgift Gift Card Logo.png,TripGift_tripgift_8cdc86.png,15045,image/png
Turtle Bay,https://www.voucherexpress.com/digital-gift-card/turtle-bay-restaurants,https://www.voucherexpress.com/storage/PlutusProductImages/Turtle Bay Gift Card Logo.png,Turtle_Bay_turtle-bay-restaurants_66967c.png,61142,image/png
Twitch eGift Cards | Buy Online at Voucher Express,https://www.voucherexpress.com/digital-gift-card/twitch-uk,https://www.voucherexpress.com/storage/PlutusProductImages/Twitch Gift Card Logo.png,Twitch_eGift_Cards_Buy_Online_at_Voucher_Express_twitch-uk_63f02d.png,6432,image/png
Uber,https://www.voucherexpress.com/digital-gift-card/uber,https://www.voucherexpress.com/storage/PlutusProductImages/Uber Gift Card Logo.png,Uber_uber_07a969.png,3873,image/png
Uber Eats,https://www.voucherexpress.com/digital-gift-card/uber-eats,https://www.voucherexpress.com/storage/PlutusProductImages/Uber Eats Gift Card Logo.png,Uber_Eats_uber-eats_08a976.png,4273,image/png
VEX,https://www.voucherexpress.com/digital-gift-card/vex-gift-card,https://www.voucherexpress.com/storage/PlutusProductImages/VEX Gift Card SML.png,VEX_vex-gift-card_813861.png,49013,image/png
VEX Eats,https://www.voucherexpress.com/digital-gift-card/vex-eats,https://www.voucherexpress.com/storage/PlutusProductImages/VEX Eats Gift Card SML.png,VEX_Eats_vex-eats_8bc386.png,62967,image/png
VEX Home,https://www.voucherexpress.com/digital-gift-card/vex-home,https://www.voucherexpress.com/storage/PlutusProductImages/VEX Home Gift Card SML.png,VEX_Home_vex-home_faeb3e.png,56152,image/png
Vintage Inns,https://www.voucherexpress.com/digital-gift-card/vintage-inns,https://www.voucherexpress.com/storage/PlutusProductImages/Vintage Inns Gift Card Logo.png,Vintage_Inns_vintage-inns_08726c.png,11308,image/png
Virgin,https://www.voucherexpress.com/digital-gift-card/virgin,https://www.voucherexpress.com/storage/PlutusProductImages/Virgin Gift Card Logo.png,Virgin_virgin_316b2a.png,24124,image/png
Virgin Experience Days,https://www.voucherexpress.com/digital-gift-card/virgin-experience-days,https://www.voucherexpress.com/storage/PlutusProductImages/Virgin Experience Days Gift Card Logo.png,Virgin_Experience_Days_virgin-experience-days_3263de.png,8121,image/png
Virgin Experience Gift Card for Couples,https://www.voucherexpress.com/gift-card/the-couples-collection,https://www.voucherexpress.com/storage/PlutusProductImages/VED-Couples Gift Card Logo.png,Virgin_Experience_Gift_Card_for_Couples_the-couples-collection_48f910.png,6520,image/png
Wagamama,https://www.voucherexpress.com/digital-gift-card/wagamama,https://www.voucherexpress.com/storage/PlutusProductImages/Wagamama Gift Card Logo.png,Wagamama_wagamama_b55fb7.png,8285,image/png
Waitrose & Partners,https://www.voucherexpress.com/digital-gift-card/waitrose,https://www.voucherexpress.com/storage/PlutusProductImages/Waitrose Gift Card Logo.png,Waitrose_Partners_waitrose_88f89d.png,3914,image/png
Waterstones,https://www.voucherexpress.com/digital-gift-card/waterstones,https://www.voucherexpress.com/storage/PlutusProductImages/Waterstones Gift Card Logo.png,Waterstones_waterstones_53523b.png,8068,image/png
Watford Town,https://www.voucherexpress.com/digital-gift-card/watford-town,https://www.voucherexpress.com/storage/PlutusProductImages/Watford - 600x374 - card.png,Watford_Town_watford-town_ab0f54.png,19956,image/png
Wayfair,https://www.voucherexpress.com/digital-gift-card/wayfair-uk,https://www.voucherexpress.com/storage/PlutusProductImages/Wayfair Gift Card Logo.png,Wayfair_wayfair-uk_0f6e68.png,4831,image/png
White Company,https://www.voucherexpress.com/digital-gift-card/the-white-company,https://www.voucherexpress.com/storage/PlutusProductImages/The White Company Gift Card Logo.png,White_Company_the-white-company_da30e9.png,5007,image/png
WHSmith,https://www.voucherexpress.com/digital-gift-card/whsmith,https://www.voucherexpress.com/storage/PlutusProductImages/WHSmith Gift Card Logo.png,WHSmith_whsmith_a940d4.png,8311,image/png
Xbox,https://www.voucherexpress.com/digital-gift-card/xbox,https://www.voucherexpress.com/storage/PlutusProductImages/XBox Gift Card Logo.png,Xbox_xbox_2f2a16.png,20460,image/png
York City,https://www.voucherexpress.com/digital-gift-card/york-city,https://www.voucherexpress.com/storage/PlutusProductImages/York - 600x374 - card.png,York_City_york-city_75cba0.png,120879,image/png
Zalando,https://www.voucherexpress.com/digital-gift-card/zalando,https://www.voucherexpress.com/storage/PlutusProductImages/Zalando Gift Card Logo.png,Zalando_zalando_b9b2ca.png,5615,image/png
Zizzi,https://www.voucherexpress.com/digital-gift-card/zizzi,https://www.voucherexpress.com/storage/PlutusProductImages/Zizzi Gift Card Logo.png,Zizzi_zizzi_f195cd.png,5648,image/png
