brand,category,markets,file,asset_type,brand_color,asset_source,brand_reference,notes,source_license
Amazon,gift-cards,Global,svg/gift-cards/amazon.svg,Sourced Simple Icons vector mark,#111111,https://cdn.jsdelivr.net/npm/simple-icons@latest/icons/amazon.svg,https://www.amazon.com,Open-source vector mark; brand remains trademark of its owner.,Simple Icons collection license applies to the icon artwork; brand trademark rights remain with owner.
Apple,gift-cards,Global,svg/gift-cards/apple.svg,Sourced Simple Icons vector mark,#000000,https://cdn.jsdelivr.net/npm/simple-icons@latest/icons/apple.svg,https://www.apple.com,Open-source vector mark; brand remains trademark of its owner.,Simple Icons collection license applies to the icon artwork; brand trademark rights remain with owner.
Google Play,gift-cards,Global,svg/gift-cards/googleplay.svg,Sourced Simple Icons vector mark,#414141,https://cdn.jsdelivr.net/npm/simple-icons@latest/icons/googleplay.svg,https://partnermarketinghub.withgoogle.com/brands/google-play/visual-identity/primary-logos/,Open-source vector mark; brand remains trademark of its owner.,Simple Icons collection license applies to the icon artwork; brand trademark rights remain with owner.
Steam,gift-cards,Global,svg/gift-cards/steam.svg,Sourced Simple Icons vector mark,#000000,https://cdn.jsdelivr.net/npm/simple-icons@latest/icons/steam.svg,https://partner.steamgames.com/doc/marketing/branding,Open-source vector mark; brand remains trademark of its owner.,Simple Icons collection license applies to the icon artwork; brand trademark rights remain with owner.
PlayStation,gift-cards,Global,svg/gift-cards/playstation.svg,Sourced Simple Icons vector mark,#0070D1,https://cdn.jsdelivr.net/npm/simple-icons@latest/icons/playstation.svg,https://www.playstation.com/en-us/,Open-source vector mark; brand remains trademark of its owner.,Simple Icons collection license applies to the icon artwork; brand trademark rights remain with owner.
Xbox,gift-cards,Global,svg/gift-cards/xbox.svg,Sourced online SVG vector logo,#107C10,https://upload.wikimedia.org/wikipedia/commons/1/18/Xbox_Logo_2001.svg,https://commons.wikimedia.org/wiki/File:Xbox_Logo_2001.svg,Public domain (Wikimedia Commons metadata),Public domain (Wikimedia Commons metadata)
Nintendo eShop,gift-cards,Global,svg/gift-cards/nintendo.svg,Unresolved — no suitable online source found,#E60012,,https://www.nintendo.com/us/,"A related official-site image/page was found, but it did not identify the requested standalone logo; omitted instead of packaging an ambiguous mark.",
Netflix,gift-cards,Global,svg/gift-cards/netflix.svg,Sourced Simple Icons vector mark,#E50914,https://cdn.jsdelivr.net/npm/simple-icons@latest/icons/netflix.svg,https://brand.netflix.com/en/assets/logos,Open-source vector mark; brand remains trademark of its owner.,Simple Icons collection license applies to the icon artwork; brand trademark rights remain with owner.
Spotify,gift-cards,Global,svg/gift-cards/spotify.svg,Sourced Simple Icons vector mark,#1ED760,https://cdn.jsdelivr.net/npm/simple-icons@latest/icons/spotify.svg,https://developer.spotify.com/documentation/general/design-and-branding/#using-our-logo,Open-source vector mark; brand remains trademark of its owner.,Simple Icons collection license applies to the icon artwork; brand trademark rights remain with owner.
Roblox,gift-cards,Global,svg/gift-cards/roblox.svg,Sourced Simple Icons vector mark,#000000,https://cdn.jsdelivr.net/npm/simple-icons@latest/icons/roblox.svg,https://www.roblox.com,Open-source vector mark; brand remains trademark of its owner.,Simple Icons collection license applies to the icon artwork; brand trademark rights remain with owner.
Riot Games,gift-cards,Global,svg/gift-cards/riotgames.svg,Sourced Simple Icons vector mark,#EB0029,https://cdn.jsdelivr.net/npm/simple-icons@latest/icons/riotgames.svg,https://www.riotgames.com/en/press,Open-source vector mark; brand remains trademark of its owner.,Simple Icons collection license applies to the icon artwork; brand trademark rights remain with owner.
Twitch,gift-cards,Global,svg/gift-cards/twitch.svg,Sourced Simple Icons vector mark,#9146FF,https://cdn.jsdelivr.net/npm/simple-icons@latest/icons/twitch.svg,https://brand.twitch.tv,Open-source vector mark; brand remains trademark of its owner.,Simple Icons collection license applies to the icon artwork; brand trademark rights remain with owner.
YouTube,gift-cards,Global,svg/gift-cards/youtube.svg,Sourced Simple Icons vector mark,#FF0000,https://cdn.jsdelivr.net/npm/simple-icons@latest/icons/youtube.svg,https://www.youtube.com/howyoutubeworks/resources/brand-resources/#logos-icons-and-colors,Open-source vector mark; brand remains trademark of its owner.,Simple Icons collection license applies to the icon artwork; brand trademark rights remain with owner.
Uber,gift-cards,Global,svg/gift-cards/uber.svg,Sourced Simple Icons vector mark,#000000,https://cdn.jsdelivr.net/npm/simple-icons@latest/icons/uber.svg,https://assets.uber.com/d/k4nuxdZ8MC7E/logos/collection/151,Open-source vector mark; brand remains trademark of its owner.,Simple Icons collection license applies to the icon artwork; brand trademark rights remain with owner.
Uber Eats,gift-cards,Global,svg/gift-cards/ubereats.svg,Sourced Simple Icons vector mark,#06C167,https://cdn.jsdelivr.net/npm/simple-icons@latest/icons/ubereats.svg,https://assets.uber.com/d/k4nuxdZ8MC7E/logos/collection/150,Open-source vector mark; brand remains trademark of its owner.,Simple Icons collection license applies to the icon artwork; brand trademark rights remain with owner.
Airbnb,gift-cards,Global,svg/gift-cards/airbnb.svg,Sourced Simple Icons vector mark,#FF5A5F,https://cdn.jsdelivr.net/npm/simple-icons@latest/icons/airbnb.svg,https://www.airbnb.com,Open-source vector mark; brand remains trademark of its owner.,Simple Icons collection license applies to the icon artwork; brand trademark rights remain with owner.
Nike,gift-cards,Global,svg/gift-cards/nike.svg,Sourced Simple Icons vector mark,#111111,https://cdn.jsdelivr.net/npm/simple-icons@latest/icons/nike.svg,https://www.nike.com,Open-source vector mark; brand remains trademark of its owner.,Simple Icons collection license applies to the icon artwork; brand trademark rights remain with owner.
Adidas,gift-cards,Global,svg/gift-cards/adidas.svg,Sourced Simple Icons vector mark,#000000,https://cdn.jsdelivr.net/npm/simple-icons@latest/icons/adidas.svg,https://www.adidas.com,Open-source vector mark; brand remains trademark of its owner.,Simple Icons collection license applies to the icon artwork; brand trademark rights remain with owner.
Starbucks,gift-cards,Global,svg/gift-cards/starbucks.svg,Sourced Simple Icons vector mark,#006241,https://cdn.jsdelivr.net/npm/simple-icons@latest/icons/starbucks.svg,https://starbucks.com,Open-source vector mark; brand remains trademark of its owner.,Simple Icons collection license applies to the icon artwork; brand trademark rights remain with owner.
IKEA,gift-cards,Global,svg/gift-cards/ikea.svg,Sourced Simple Icons vector mark,#0058A3,https://cdn.jsdelivr.net/npm/simple-icons@latest/icons/ikea.svg,https://www.ikea.com,Open-source vector mark; brand remains trademark of its owner.,Simple Icons collection license applies to the icon artwork; brand trademark rights remain with owner.
eBay,gift-cards,Global,svg/gift-cards/ebay.svg,Sourced Simple Icons vector mark,#E53238,https://cdn.jsdelivr.net/npm/simple-icons@latest/icons/ebay.svg,https://go.developer.ebay.com/logos,Open-source vector mark; brand remains trademark of its owner.,Simple Icons collection license applies to the icon artwork; brand trademark rights remain with owner.
Target,gift-cards,US,svg/gift-cards/target.svg,Sourced Simple Icons vector mark,#CC0000,https://cdn.jsdelivr.net/npm/simple-icons@latest/icons/target.svg,https://www.target.com,Open-source vector mark; brand remains trademark of its owner.,Simple Icons collection license applies to the icon artwork; brand trademark rights remain with owner.
H&M,gift-cards,Global,svg/gift-cards/handm.svg,Sourced Simple Icons vector mark,#E50010,https://cdn.jsdelivr.net/npm/simple-icons@latest/icons/handm.svg,https://www2.hm.com/en_gb/index.html,Open-source vector mark; brand remains trademark of its owner.,Simple Icons collection license applies to the icon artwork; brand trademark rights remain with owner.
Disney+,gift-cards,Global,svg/gift-cards/disneyplus.svg,Online raster logo recreated as vector paths,#113CCF,https://static-assets.bamgrid.com/product/disneyplus/favicons/disPlus-favicon-180x180.7d56f648dc95f591721935193bc827cb.png,https://www.disneyplus.com,Official webpage asset; permission/terms to confirm,Official webpage asset; permission/terms to confirm
Crunchyroll,gift-cards,Global,svg/gift-cards/crunchyroll.svg,Sourced Simple Icons vector mark,#FF5E00,https://cdn.jsdelivr.net/npm/simple-icons@latest/icons/crunchyroll.svg,https://www.crunchyroll.com,Open-source vector mark; brand remains trademark of its owner.,Simple Icons collection license applies to the icon artwork; brand trademark rights remain with owner.
Epic Games,gift-cards,Global,svg/gift-cards/epicgames.svg,Sourced Simple Icons vector mark,#313131,https://cdn.jsdelivr.net/npm/simple-icons@latest/icons/epicgames.svg,https://dev.epicgames.com/docs/services/en-US/EpicAccountServices/DesignGuidelines/index.html#epicgamesbrandguidelines,Open-source vector mark; brand remains trademark of its owner.,Simple Icons collection license applies to the icon artwork; brand trademark rights remain with owner.
Discord,gift-cards,Global,svg/gift-cards/discord.svg,Sourced Simple Icons vector mark,#5865F2,https://cdn.jsdelivr.net/npm/simple-icons@latest/icons/discord.svg,https://discord.com/branding,Open-source vector mark; brand remains trademark of its owner.,Simple Icons collection license applies to the icon artwork; brand trademark rights remain with owner.
Apple Music,gift-cards,Global,svg/gift-cards/applemusic.svg,Sourced Simple Icons vector mark,#FA243C,https://cdn.jsdelivr.net/npm/simple-icons@latest/icons/applemusic.svg,https://www.apple.com/itunes/marketing-on-music/identity-guidelines.html#apple-music-icon,Open-source vector mark; brand remains trademark of its owner.,Simple Icons collection license applies to the icon artwork; brand trademark rights remain with owner.
Apple TV,gift-cards,Global,svg/gift-cards/appletv.svg,Sourced Simple Icons vector mark,#000000,https://cdn.jsdelivr.net/npm/simple-icons@latest/icons/appletv.svg,https://en.wikipedia.org/wiki/File:Apple_TV_(logo).svg,Open-source vector mark; brand remains trademark of its owner.,Simple Icons collection license applies to the icon artwork; brand trademark rights remain with owner.
Google,gift-cards,Global,svg/gift-cards/google.svg,Sourced Simple Icons vector mark,#4285F4,https://cdn.jsdelivr.net/npm/simple-icons@latest/icons/google.svg,https://partnermarketinghub.withgoogle.com,Open-source vector mark; brand remains trademark of its owner.,Simple Icons collection license applies to the icon artwork; brand trademark rights remain with owner.
Microsoft,gift-cards,Global,svg/gift-cards/microsoft.svg,Online raster logo recreated as vector paths,#5E5E5E,https://uhf.microsoft.com/images/microsoft/RE1Mu3b.png,https://www.microsoft.com,Official Microsoft site asset; terms to confirm,Official Microsoft site asset; terms to confirm
MTN,african-telecoms,"Nigeria, Ghana, South Africa, Uganda, Rwanda, Zambia, Cameroon, Liberia, Eswatini, South Sudan",svg/african-telecoms/mtn.svg,Sourced online SVG vector logo,#FFCC00,https://upload.wikimedia.org/wikipedia/commons/2/2a/MTN_2022_logo.svg,https://commons.wikimedia.org/wiki/File:MTN_2022_logo.svg,Public domain (Wikimedia Commons metadata),Public domain (Wikimedia Commons metadata)
Airtel,african-telecoms,"Nigeria, Ghana, Kenya, Uganda, Tanzania, Rwanda, Zambia, Malawi, South Sudan",svg/african-telecoms/airtel.svg,Sourced Simple Icons vector mark,#E40000,https://cdn.jsdelivr.net/npm/simple-icons@latest/icons/airtel.svg,https://www.airtel.in/logo-tune,Open-source vector mark; brand remains trademark of its owner.,Simple Icons collection license applies to the icon artwork; brand trademark rights remain with owner.
Glo (Globacom),african-telecoms,Nigeria,svg/african-telecoms/globacom.svg,Online raster logo recreated as vector paths,#00A859,https://upload.wikimedia.org/wikipedia/commons/8/86/GloLogo.png,https://commons.wikimedia.org/wiki/File:GloLogo.png,CC BY-SA 4.0 (Wikimedia Commons metadata),CC BY-SA 4.0 (Wikimedia Commons metadata)
9mobile,african-telecoms,Nigeria,svg/african-telecoms/9mobile.svg,Unresolved — no suitable online source found,#00843D,,https://9mobile.com.ng,Could not identify a matching official or reusable logo asset; no generated replacement included.,
Safaricom,african-telecoms,"Kenya, Ethiopia",svg/african-telecoms/safaricom.svg,Sourced online SVG vector logo,#00A650,https://upload.wikimedia.org/wikipedia/commons/a/a7/Safaricom-logo-png_seeklogo-530479.svg,https://commons.wikimedia.org/wiki/File:Safaricom-logo-png_seeklogo-530479.svg,CC0 (Wikimedia Commons metadata),CC0 (Wikimedia Commons metadata)
Vodafone,african-telecoms,"Ghana legacy brand, Tanzania, South Africa, Lesotho",svg/african-telecoms/vodafone.svg,Sourced Simple Icons vector mark,#E60000,https://cdn.jsdelivr.net/npm/simple-icons@latest/icons/vodafone.svg,https://web.vodafone.com.eg,Open-source vector mark; brand remains trademark of its owner.,Simple Icons collection license applies to the icon artwork; brand trademark rights remain with owner.
Telecel,african-telecoms,"Ghana, Zimbabwe",svg/african-telecoms/telecel.svg,Online raster logo recreated as vector paths,#E6007E,https://telecel.com.gh/img/Telecel-Icon-Red.png,https://telecel.com.gh,Official webpage asset; permission/terms to confirm,Official webpage asset; permission/terms to confirm
AT Ghana (AirtelTigo),african-telecoms,Ghana,svg/african-telecoms/atghana.svg,Unresolved — no suitable online source found,#E21D2B,,https://at.com.gh,Could not identify a matching official or reusable logo asset; no generated replacement included.,
Orange,african-telecoms,"Cameroon, Sierra Leone, Liberia, Botswana, Madagascar and other markets",svg/african-telecoms/orange.svg,Sourced Simple Icons vector mark,#FF7900,https://cdn.jsdelivr.net/npm/simple-icons@latest/icons/orange.svg,https://brand.orange.com,Open-source vector mark; brand remains trademark of its owner.,Simple Icons collection license applies to the icon artwork; brand trademark rights remain with owner.
Vodacom,african-telecoms,"South Africa, Tanzania, Mozambique, Lesotho, DRC",svg/african-telecoms/vodacom.svg,Unresolved — no suitable online source found,#E60000,,https://www.vodacom.com,HTTPError: HTTP Error 404: Not Found,
Telkom,african-telecoms,"South Africa, Kenya",svg/african-telecoms/telkom.svg,Sourced online SVG vector logo,#00A3E0,https://www.telkom.co.za/assets/images/footer/telkom-white-logo.svg,https://www.telkom.co.za,Official webpage asset; permission/terms to confirm,Official webpage asset; permission/terms to confirm
Cell C,african-telecoms,South Africa,svg/african-telecoms/cellc.svg,Sourced online SVG vector logo,#003DA5,https://www.cellc.co.za/cellc/img/cellc-comrades/cellc-comrades-logo.svg,https://www.cellc.co.za/cellc/home,Official webpage asset; permission/terms to confirm,Official webpage asset; permission/terms to confirm
Rain,african-telecoms,South Africa,svg/african-telecoms/rain.svg,Sourced online SVG vector logo,#3D4A9A,https://cdn.rain.co.za/web/assets-v4/images/header/rain_logo.svg,https://www.rain.co.za,Official webpage asset; permission/terms to confirm,Official webpage asset; permission/terms to confirm
Yas (Tigo),african-telecoms,Tanzania,svg/african-telecoms/yas.svg,Unresolved — no suitable online source found,#6F2C91,,https://yas.co.tz,Could not identify a matching official or reusable logo asset; no generated replacement included.,
Halotel,african-telecoms,Tanzania,svg/african-telecoms/halotel.svg,Unresolved — no suitable online source found,#F15A24,,https://halotel.co.tz,Could not identify a matching official or reusable logo asset; no generated replacement included.,
Econet,african-telecoms,"Zimbabwe, Lesotho",svg/african-telecoms/econet.svg,Online raster logo recreated as vector paths,#F5B800,https://www.econet.co.zw/wp-content/uploads/2025/06/EconetLogo.png,https://www.econet.co.zw,Official webpage asset; permission/terms to confirm,Official webpage asset; permission/terms to confirm
NetOne,african-telecoms,Zimbabwe,svg/african-telecoms/netone.svg,Online raster logo recreated as vector paths,#0072BC,https://www.netone.co.zw/api/media/file/netoneLogoLight.png,https://www.netone.co.zw,Official webpage asset; permission/terms to confirm,Official webpage asset; permission/terms to confirm
Zamtel,african-telecoms,Zambia,svg/african-telecoms/zamtel.svg,Online raster logo recreated as vector paths,#007A3D,https://www.zamtel.zm/images/footer-logo.png,https://www.zamtel.zm,Official webpage asset; permission/terms to confirm,Official webpage asset; permission/terms to confirm
TNM,african-telecoms,Malawi,svg/african-telecoms/tnm.svg,Unresolved — no suitable online source found,#7B2D8B,,https://www.tnm.co.mw,Could not identify a matching official or reusable logo asset; no generated replacement included.,
Mascom,african-telecoms,Botswana,svg/african-telecoms/mascom.svg,Online raster logo recreated as vector paths,#C8102E,https://mascom.bw/wp-content/uploads/2018/05/mascom-wireless-logo-8.jpg,https://mascom.bw/,Official webpage asset; permission/terms to confirm,Official webpage asset; permission/terms to confirm
Botswana Telecommunications (BTC),african-telecoms,Botswana,svg/african-telecoms/btc.svg,Unresolved — no suitable online source found,#008ACB,,https://www.btc.bw,Could not identify a matching official or reusable logo asset; no generated replacement included.,
MTC Namibia,african-telecoms,Namibia,svg/african-telecoms/mtc.svg,Unresolved — no suitable online source found,#36A852,,https://www.mtc.com.na,Could not identify a matching official or reusable logo asset; no generated replacement included.,
TN Mobile,african-telecoms,Namibia,svg/african-telecoms/tnmobile.svg,Unresolved — no suitable online source found,#EF7D00,,https://tnmobile.com.na,Could not identify a matching official or reusable logo asset; no generated replacement included.,
Africell,african-telecoms,"Gambia, Sierra Leone, DRC, Angola",svg/african-telecoms/africell.svg,Sourced online SVG vector logo,#F36F21,https://www.africell.com/,https://www.africell.com/,Official webpage asset; permission/terms to confirm,Official webpage asset; permission/terms to confirm
QCell,african-telecoms,Gambia,svg/african-telecoms/qcell.svg,Sourced online SVG vector logo,#00843D,https://qcell.gm/wp-content/uploads/2022/02/QCELL-logo-White.svg,https://qcell.gm,Official webpage asset; permission/terms to confirm,Official webpage asset; permission/terms to confirm
Gamcel,african-telecoms,Gambia,svg/african-telecoms/gamcel.svg,Online raster logo recreated as vector paths,#A61E83,https://gamcel.gm/wp-content/uploads/2025/03/Gamcel-1.png,https://gamcel.gm,Official webpage asset; permission/terms to confirm,Official webpage asset; permission/terms to confirm
Lonestar Cell MTN,african-telecoms,Liberia,svg/african-telecoms/lonestarcellmtn.svg,Sourced online SVG vector logo,#FFCC00,https://lonestarcell.com,https://lonestarcell.com,Official webpage asset; permission/terms to confirm,Official webpage asset; permission/terms to confirm
Camtel,african-telecoms,Cameroon,svg/african-telecoms/camtel.svg,Online raster logo recreated as vector paths,#0082C8,https://camtel.cm/images/logo.png,https://camtel.cm,Official webpage asset; permission/terms to confirm,Official webpage asset; permission/terms to confirm
Ethio Telecom,african-telecoms,Ethiopia,svg/african-telecoms/ethiotelecom.svg,Unresolved — no suitable online source found,#008ACB,,https://www.ethiotelecom.et,Could not identify a matching official or reusable logo asset; no generated replacement included.,
Zain,african-telecoms,"Sudan, South Sudan",svg/african-telecoms/zain.svg,Unresolved — no suitable online source found,#652C90,,https://www.zain.com,Could not identify a matching official or reusable logo asset; no generated replacement included.,
Sudani,african-telecoms,Sudan,svg/african-telecoms/sudani.svg,Online raster logo recreated as vector paths,#009A44,https://sudani.sd/wp-content/uploads/2025/04/Sudani-Logo.png,https://sudani.sd,Official webpage asset; permission/terms to confirm,Official webpage asset; permission/terms to confirm
Reloadly,suppliers,Multi-country,svg/suppliers/reloadly.svg,Sourced online SVG vector logo,#6D42C7,https://cdn.reloadly.com/assets/images/logo.svg,https://www.reloadly.com,Official site asset; terms to confirm,Official site asset; terms to confirm
Prestmit,suppliers,Nigeria and supported markets,svg/suppliers/prestmit.svg,Sourced online SVG vector logo,#252A34,https://prestmit.io/assets/icons/logo-prest.svg,https://prestmit.io,Official site asset; terms to confirm,Official site asset; terms to confirm
Cardtonic,suppliers,Nigeria and supported markets,svg/suppliers/cardtonic.svg,Sourced online SVG vector logo,#0D8F5B,https://cardtonic.com/icons/cardtonicLogoFull.svg,https://cardtonic.com/press-kit/logo-full-light.webp,Official site asset; terms to confirm,Official site asset; terms to confirm
VTpass,suppliers,Nigeria,svg/suppliers/vtpass.svg,Online raster logo recreated as vector paths,#1455A0,https://vtpass.com/resources/frontend3/images/logo-white-new.png,https://vtpass.com,Official site asset; terms to confirm,Official site asset; terms to confirm
Flutterwave,suppliers,Africa and supported markets,svg/suppliers/flutterwave.svg,Sourced online SVG vector logo,#F5A623,https://flutterwave.com/brand/Logo%20pack/Logo_FullColor.svg,https://flutterwave.com/gb/press-kit,Official webpage asset; permission/terms to confirm,Official webpage asset; permission/terms to confirm
Paystack,suppliers,"Nigeria, Ghana, South Africa and supported markets",svg/suppliers/paystack.svg,Sourced online SVG vector logo,#09A5DB,https://paystack.com/assets/img/icon/navigation/why_paystack/why_choose_paystack_db.svg,https://paystack.com,Official webpage asset; permission/terms to confirm,Official webpage asset; permission/terms to confirm
Interswitch,suppliers,Nigeria and supported markets,svg/suppliers/interswitch.svg,Sourced online SVG vector logo,#F26522,https://interswitchgroup.com/_astro/interswitch-logo.B9PxYkQW_Z17SVNa.svg,https://interswitchgroup.com,Official webpage asset; permission/terms to confirm,Official webpage asset; permission/terms to confirm
Quickteller,suppliers,Nigeria,svg/suppliers/quickteller.svg,Unresolved — no suitable online source found,#5F2C91,,https://www.quickteller.com,Could not identify a matching official or reusable logo asset; no generated replacement included.,
Cellulant / Tingg,suppliers,Selected African markets,svg/suppliers/tingg.svg,Unresolved — no suitable online source found,#EE6B24,,https://www.cellulant.io,Could not identify a matching official or reusable logo asset; no generated replacement included.,
Korba Xchange,suppliers,Ghana,svg/suppliers/korba.svg,Online raster logo recreated as vector paths,#188B4B,https://korba-whitelabel.s3.amazonaws.com/assets/img/logo.jpg,https://xchange.korba365.com,Official webpage asset; permission/terms to confirm,Official webpage asset; permission/terms to confirm
Hubtel,suppliers,Ghana,svg/suppliers/hubtel.svg,Sourced online SVG vector logo,#E6388C,https://hubtel.com/_nuxt/hubtel-primary-logo.DE_lS_hk.svg,https://hubtel.com,Official site asset; terms to confirm,Official site asset; terms to confirm
Techlink GH,suppliers,Ghana,svg/suppliers/techlinkgh.svg,Online raster logo recreated as vector paths,#214E9B,https://techlinkgh.com/images/og-default.png,https://business.techlinkgh.com,Official webpage asset; permission/terms to confirm,Official webpage asset; permission/terms to confirm
KiNG FLEXY GH,suppliers,Ghana,svg/suppliers/kingflexygh.svg,Online raster logo recreated as vector paths,#D91F26,https://kingflexygh.com/logo.png,https://kingflexygh.com,Official webpage asset; permission/terms to confirm,Official webpage asset; permission/terms to confirm
eSIM Access,suppliers,Global travel eSIM,svg/suppliers/esimaccess.svg,Online raster logo recreated as vector paths,#1769FF,https://i0.wp.com/esimaccess.com/wp-content/uploads/2023/06/esimaccess-logo.png,https://esimaccess.com,Official webpage asset; permission/terms to confirm,Official webpage asset; permission/terms to confirm
eSimerge,suppliers,Global travel eSIM,svg/suppliers/esimerge.svg,Unresolved — no suitable online source found,#2C6F67,,https://esimerge.com,Could not identify a matching official or reusable logo asset; no generated replacement included.,
Airalo,suppliers,Global travel eSIM,svg/suppliers/airalo.svg,Online raster logo recreated as vector paths,#4C3BCE,https://cdn-revamp.airalo.com/img/logo-homepage-header.png,https://www.airalo.com,Official site asset; terms to confirm,Official site asset; terms to confirm
eSIM Go,suppliers,Global travel eSIM / MVNO,svg/suppliers/esimgo.svg,Sourced online SVG vector logo,#1746A2,https://esimgo.com,https://esimgo.com,Official webpage asset; permission/terms to confirm,Official webpage asset; permission/terms to confirm
Nexway,suppliers,Global software distribution,svg/suppliers/nexway.svg,Sourced online SVG vector logo,#3D3D89,https://www.nexway.com/wp-content/uploads/2026/07/nexwayfav-black.svg,https://www.nexway.com,Official webpage asset; permission/terms to confirm,Official webpage asset; permission/terms to confirm
Ingram Micro,suppliers,Global distribution,svg/suppliers/ingrammicro.svg,Sourced online SVG vector logo,#0077C8,https://www.ingrammicro.com,https://www.ingrammicro.com,Official webpage asset; permission/terms to confirm,Official webpage asset; permission/terms to confirm
TD SYNNEX,suppliers,Global distribution,svg/suppliers/tdsynnex.svg,Online raster logo recreated as vector paths,#E31837,https://www.tdsynnex.com/na/us/wp-content//uploads/sites/2/2026/04/TDSYNNEXLogo-clr-@2x.png,https://www.tdsynnex.com,Official TD SYNNEX site asset; terms to confirm,Official TD SYNNEX site asset; terms to confirm
ALSO,suppliers,Europe and supported markets,svg/suppliers/also.svg,Online raster logo recreated as vector paths,#008ACB,https://www.also.com/ec/cms5/media/img/6000_2020/logos_20/also_16/big/logo_full_rgb.png,https://www.also.com,Official ALSO site asset; terms to confirm,Official ALSO site asset; terms to confirm
Pax8,suppliers,Global cloud marketplace,svg/suppliers/pax8.svg,Sourced online SVG vector logo,#212B36,https://www.pax8.com/en-us/wp-content/uploads/sites/4/2022/03/Pax8-WHT.svg,https://www.pax8.com/en-us/,Official webpage asset; permission/terms to confirm,Official webpage asset; permission/terms to confirm
Maplerad,suppliers,Selected African markets,svg/suppliers/maplerad.svg,Sourced online SVG vector logo,#5B46D6,https://maplerad.com,https://maplerad.com,Official webpage asset; permission/terms to confirm,Official webpage asset; permission/terms to confirm
Onafriq,suppliers,Pan-African,svg/suppliers/onafriq.svg,Online raster logo recreated as vector paths,#193C73,https://onafriq.com/assets/images/onafriq-logo-white.webp,https://onafriq.com,Official webpage asset; permission/terms to confirm,Official webpage asset; permission/terms to confirm
Swiftnet,suppliers,United Kingdom,svg/suppliers/swiftnet.svg,Unresolved — no suitable online source found,#293D72,,https://api.swiftnet.co.uk,Could not identify a matching official or reusable logo asset; no generated replacement included.,
Giant Wholesale,suppliers,United Kingdom,svg/suppliers/giant.svg,Sourced online SVG vector logo,#122E68,https://giant.net.uk/giant-logo.svg,https://giant.net.uk/wholesale/api,Official webpage asset; permission/terms to confirm,Official webpage asset; permission/terms to confirm
Visa,payment-networks,Global,svg/payment-networks/visa.svg,Sourced Simple Icons vector mark,#1A1F71,https://cdn.jsdelivr.net/npm/simple-icons@latest/icons/visa.svg,https://merchantsignageeu.visa.com/product.asp?dptID=696,Open-source vector mark; brand remains trademark of its owner.,Simple Icons collection license applies to the icon artwork; brand trademark rights remain with owner.
Mastercard,payment-networks,Global,svg/payment-networks/mastercard.svg,Sourced Simple Icons vector mark,#EB001B,https://cdn.jsdelivr.net/npm/simple-icons@latest/icons/mastercard.svg,https://www.mastercard.com/brandcenter/us/en/download-artwork.html,Open-source vector mark; brand remains trademark of its owner.,Simple Icons collection license applies to the icon artwork; brand trademark rights remain with owner.
PayPal,payment-networks,Global,svg/payment-networks/paypal.svg,Sourced Simple Icons vector mark,#002991,https://cdn.jsdelivr.net/npm/simple-icons@latest/icons/paypal.svg,https://www.paypal.com/us,Open-source vector mark; brand remains trademark of its owner.,Simple Icons collection license applies to the icon artwork; brand trademark rights remain with owner.
Stripe,payment-networks,Selected markets,svg/payment-networks/stripe.svg,Sourced Simple Icons vector mark,#635BFF,https://cdn.jsdelivr.net/npm/simple-icons@latest/icons/stripe.svg,https://stripe.com/newsroom/information,Open-source vector mark; brand remains trademark of its owner.,Simple Icons collection license applies to the icon artwork; brand trademark rights remain with owner.
Apple Pay,payment-networks,Supported markets,svg/payment-networks/applepay.svg,Sourced Simple Icons vector mark,#000000,https://cdn.jsdelivr.net/npm/simple-icons@latest/icons/applepay.svg,https://developer.apple.com/apple-pay/marketing,Open-source vector mark; brand remains trademark of its owner.,Simple Icons collection license applies to the icon artwork; brand trademark rights remain with owner.
Google Pay,payment-networks,Supported markets,svg/payment-networks/googlepay.svg,Sourced Simple Icons vector mark,#4285F4,https://cdn.jsdelivr.net/npm/simple-icons@latest/icons/googlepay.svg,https://pay.google.com/intl/en_us/about/,Open-source vector mark; brand remains trademark of its owner.,Simple Icons collection license applies to the icon artwork; brand trademark rights remain with owner.
Wise,payment-networks,Global,svg/payment-networks/wise.svg,Sourced Simple Icons vector mark,#9FE870,https://cdn.jsdelivr.net/npm/simple-icons@latest/icons/wise.svg,https://wise.design/foundations/logo,Open-source vector mark; brand remains trademark of its owner.,Simple Icons collection license applies to the icon artwork; brand trademark rights remain with owner.
M-Pesa,payment-networks,"Kenya, Tanzania and supported markets",svg/payment-networks/mpesa.svg,Unresolved — no suitable online source found,#4CAF50,,https://www.safaricom.co.ke/personal/m-pesa,Could not identify a matching official or reusable logo asset; no generated replacement included.,
Airtel Money,payment-networks,Selected African markets,svg/payment-networks/airtelmoney.svg,Unresolved — no suitable online source found,#E40000,,https://www.airtel.africa,"A related official-site image/page was found, but it did not identify the requested standalone logo; omitted instead of packaging an ambiguous mark.",
MTN MoMo,payment-networks,Selected African markets,svg/payment-networks/mtnmomo.svg,Unresolved — no suitable online source found,#FFCC00,,https://momo.mtn.com,Could not identify a matching official or reusable logo asset; no generated replacement included.,
